{"DISTANCE_THRESHOLD_REALTIME": 232.36764222770722, "DISTANCE_THRESHOLD_PREDICTED": 1508.787029166302}